titrearticle;resumearticle;textearticle;motsClesArticle
L'elevage du manioc;Le manioc est une tubercule qui permet de bien manger et d'etre rassasie;Le maioc est une tubercule qui permet de bien manger et d'etre rassasie;manioc
La condamnation pour viol;En amerique le viol est passible d'une peine de 45 ans de prison;En amerique le viol est passible d'une peine de 45 ans de prison;viol   condamnation
Inflation du franc cfa ;Ce jeune dernier   nous avons assisté à une inflation considerable du franc cfa;Ce jeune dernier   nous avons assisté à une inflation considerable du franc;inflation   franc cfa
L'unité cenrale;L'unité centrale en informatique est un outil essentiel ; en informatique est un outil essentiel L'unité centrale en informatique est un outil essentiel ;unité centrale
Pierre corneille;Une œuvre est une manifestation du grand auteur pierre corneille;Le cid est une œuvre du légendaire pierre corneille;le cid   pierre corneille
Le theoreme de Thales;Le théoreme de thales est un theoreme mathematiques ;Le théoreme de thales est un theoreme mathematiques Le théoreme de thales est un theoreme mathematiques ;theoreme
tableau de classificatio périodique;Le tableau de classification périodique est un elementtres important ;le tableau de classification périodique est un élément très important le tableau de classification périodique est un élélment tres important;classification périodique   tableau
Emmanuel macron à la présidence;Le mandat d'Emmanuel Macron au sein de la république fraçaise ;Le mandat d'Emmanuel Macron au sein de la république fraçaise Le mandat d'Emmanuel Macron au sein de la république fraçaise ;Emmanuel Macron   mandat   republiique frannçaise
Proabtoire problématique;Le probatoire annulé de cette année a suscité une grande colère ;Le probatoire annulé de cette année a suscité une grande colère Le probatoire annulé de cette année a suscité une grande colère ;probatoire   annulation
Maquette d'une maison;Pour construire une maison   il faut d'abord en élaborer la maquette;Pour construire une maison   il faut d'abord en élaborer la maquettePour construire une maison   il faut d'abord en élaborer la maquette;maquette   maison
art de la tromperie ;La psychologie humaine a beaucoup évolué au sein des années;la psychologe humaine a beaucoup évolué au sein des annéesla psychologe humaine a beaucoup évolué au sein des années;tromperie   psychologie
L'addition des comptes bancaire;Pour  additionner des comptes bancaires   l'opération se fait dans une banque;Pour  additionner des comptes bancaires   l'opération se fait dans une banquePour  additionner des comptes bancaires   l'opération se fait dans une banque;compte bancaire   additionner
Campagne publicitaire;Les différentes étapes pour pouvoir concevoir une campagne publicitaire;Les différentes étapes pour pouvoir concevoir une campagne publicitaireLes différentes étapes pour pouvoir concevoir une campagne publicitaire;campagne publicitaire   concevoir
Comment élever un batiment?;Pour elever un batiment il y a de nombreuses étapes à  respecter.;Pour elever un batiment il y a de nombreuses étapes à  respecter.Pour elever un batiment il y a de nombreuses étapes à  respecter.;batiment   elever
L'œuvre de Platon;Apologie de Socrate est la meilleure œuvre de Platon de tous les temps.;Apologie de Socrate est la meilleure œuvre de Platon de tous les tempsApologie de Socrate est la meilleure œuvre de Platon de tous les temps;Apologie de Socrate   Œuvre   Platon
Greffe de cœur;La greffe de cœur est l'une des opératons en chirurgie les plus complexes.;La greffe de cœur est l'une des opératons en chirurgie les plus complexes.La greffe de cœur est l'une des opératons en chirurgie les plus complexes.;Greffe de cœur   chirurgie
Le cancer du sein;La  cancer du sein est devenu un mal très répandu chez la femme au cour de ces dernières années.;La  cancer du sein est devenu un mal très répandu chez la femme au cour de ces dernières années.La  cancer du sein est devenu un mal très répandu chez la femme au cour de ces dernières années.;Ccancer du sein
La mycose du pieds;La mycose du pieds est une très mauvaise maladie.;La mycose du pieds est une très mauvaise maladie.La mycose du pieds est une très mauvaise maladie.;maladie   mycose du pieds
Construction d'un satellite;Le satellite de mars seraientot lancé.;Le satellite de mars seraientot lancé.Le satellite de mars seraientot lancé.Le satellite de mars seraientot lancé.;satellite   mars
Mauvaise gouvernance au Cameroun;Depuis près de 50 ans   le pays u cameroun est mal géré par ses dirigeants.;Depuis près de 50 ans   le pays du cameroun est mal géré par ses dirigeants.Depuis près de 50 ans   le pays u cameroun est mal géré par ses dirigeants.;gouvernace   cameroun
Détournement de fonds en afrique Centrale;Le détournement en Afrique centrale est une pratique très courante.;Le détournement en Afrique centrale est une pratique très courante.Le détournement en Afrique centrale est une pratique très courante.;détournement   Afrique cetrale
Construction des écoles à Haiti ;Depuis quelques mois plusieurs écoles ont été créees en Haiti.;Depuis quelques mois plusieurs écoles ont été créees en Haiti.Depuis quelques mois plusieurs écoles ont été créees en Haiti.;Haiti   ecole.
Assassinats des Boko haram à l'Extreme-Nord;Les boko haram ont encore frappé fort dans la région de l'extreme Nord;Les boko haram ont encore frappé fort dans la région de l'extreme NordLes boko haram ont encore frappé fort dans la région de l'extreme Nord;boko haram   assassinat
Fongicides pour plantes;Les fongicides sont de plus en plus utilisés pour le traitement des plantes.;Les fongicides sont de plus en plus utilisés pour le traitement des plantesLes fongicides sont de plus en plus utilisés pour le traitement des plantes;fongicides   plantes
Migration des oiseaux;La migration des oiseaux est d'une grande importance  pour les fleurs et les abeilles.;La migration des oiseaux est d'une grande importance  pour les fleurs et les abeilles.La migration des oiseaux est d'une grande importance  pour les fleurs et les abeilles.;migration des oiseaux.
Déterminoloisation des mots en français;La déterminologisation est un processus en terminologie permettant de quitter du terme au mot.;La déterminologisation est un processus en terminologie permettant de quitter du terme au mot.La déterminologisation est un processus en terminologie permettant de quitter du terme au mot.;déterminologisation   mot
Déforestation en zone rurale;La déforestation se pratique de plus en plus en zone rurale ce qui est dangereux.;La déforestation se pratique de plus en plus en zone rurale ce qui est dangereux.La déforestation se pratique de plus en plus en zone rurale ce qui est dangereux.;déforestation   zone rurale
Les peuples de la foret;Les peupes de la foret font partie des peuples les plus anciens du Cameroun.;s peupes de la foret font partie des peuples les plus anciens du Cameroun.s peupes de la foret font partie des peuples les plus anciens du Cameroun.;peuples de la foret
L'exode rurale;L'exode rural est un phénomene par lequel les populations se déplacent.;L'exude rural est un phénomene par lequel les populations se déplacent. L'exude rural est un phénomene par lequel les populations se déplacent.;
Déflation du dollars américain;Depuis quelques mois plusieurs écoles ont été créees en Haiti.;Depuis quelques mois plusieurs écoles ont été créees en Haiti.Depuis quelques mois plusieurs écoles ont été créees en Haiti.;haiti   ecole.
Disney domine l'industrie mondiale?;Depuis quelques mois plusieurs écoles ont été créees en Haiti.;Depuis quelques mois plusieurs écoles ont été créees en Haiti. Depuis quelques mois plusieurs écoles ont été créees en Haiti.;Dollar americain
Inflation de l'euro;Depuis quelques mois plusieurs écoles ont été créees en Haiti.;Depuis quelques mois plusieurs écoles ont été créees en Haiti.Depuis quelques mois plusieurs écoles ont été créees en Haiti.;chinois   étudier
Chinois   une langue à étudier?;Depuis quelques mois plusieurs écoles ont été créees en Haiti.;Depuis quelques mois plusieurs écoles ont été créees en Haiti. Depuis quelques mois plusieurs écoles ont été créees en Haiti.;chinois   étudier
Les expositions du défunt peintre Pablo Picasso;Depuis quelques mois plusieurs écoles ont été créees en Haiti.;Depuis quelques mois plusieurs écoles ont été créees en Haiti.Depuis quelques mois plusieurs écoles ont été créees en Haiti.;Pablo Picasso   exposition
Justice pour George Floyd;Les peuples noirs réclement justice pour George Floyd;Les peuples noirs réclement justice pour George FloydLes peuples noirs réclement justice pour George Floyd;George Floy   justice
Concert de Charlotte dipanda au palais de la culture;Le concert de charlotte Dipanda s'est fait au palais de la culture vendredi dernier.;Le concert de charlotte Dipanda s'est fait au palais de la culture vendredi dernier.Le concert de charlotte Dipanda s'est fait au palais de la culture vendredi dernier.;
La réligion dans le monde;Les peuples noirs réclement justice pour George FloydLes peuples noirs réclement justice pour George Floyd;Les peuples noirs réclement justice pour George FloydLes peuples noirs réclement justice pour George Floyd;religion
revue économique du parisien;Le mandat d'Emmanuel Macron au sein de la république fraçaise ;Le mandat d'Emmanuel Macron au sein de la république fraçaise Le mandat d'Emmanuel Macron au sein de la république fraçaise ;revue economique
La croissance des ovaires ;Le théoreme de thales est un theoreme mathematiques ;Le théoreme de thales est un theoreme mathematiques    Le théoreme de thales est un theoreme mathematiques ;oivaire   croisance
Fécondation in vitro;Le mandat d'Emmanuel Macron au sein de la république fraçaise ;Le mandat d'Emmanuel Macron au sein de la république fraçaise Le mandat d'Emmanuel Macron au sein de la république fraçaise ;fecondation   in vitro
Emprisonnement de lacourt;la psychologie humaine a beaucoup évolué au sein des années;la psychologie humaine a beaucoup évolué au sein des annéesla psychologie humaine a beaucoup évolué au sein des années;Lacourt   emprisonnement
Procès de Nicolas Ferrari;Pour construire une maison   il faut d'abord en élaborer la maquette;Pour construire une maison   il faut d'abord en élaborer la maquettePour construire une maison   il faut d'abord en élaborer la maquette;procès   Nicolas Ferrari
Sortie de la nouvelle peugeot;Le manioc est une tubercule qui permet de bien manger et d'etre rassasie;Le manioc est une tubercule qui permet de bien manger et d'etre rassasieLe manioc est une tubercule qui permet de bien manger et d'etre rassasie;Peugeot
Système éducatif Camerounais;Depuis quelques mois plusieurs écoles ont été créees en Haiti.;Depuis quelques mois plusieurs écoles ont été créees en Haiti.Depuis quelques mois plusieurs écoles ont été créees en Haiti.;système educatif cameroun
Seismes dans les régions cotières;Le détournement en Afrique centrale est une pratique très courante.;Le détournement en Afrique centrale est une pratique très courante.Le détournement en Afrique centrale est une pratique très courante.;seismes   regions cotieres
Eruption volcanique en Inde;Pour elever un batiment il y a de nombreuses étapes à  respecter.;Pour elever un batiment il y a de nombreuses étapes à  respecter.Pour elever un batiment il y a de nombreuses étapes à  respecter.;Eruption volcanique   inde
Campagne electorale de jean Leclerc;La mycose du pieds est une très mauvaise maladie.;La mycose du pieds est une très mauvaise maladie. La mycose du pieds est une très mauvaise maladie.;campagne electorale jean Leclerc
Consommation de la marie juana en Amérique;Le satellite de mars seraientot lancé.;Le satellite de mars seraientot lancé.Le satellite de mars seraientot lancé.;marie juana   consommation
Légitime défense condamnable ou pas?;La légitime éfense devrait-ell etre considerée comme un crime ou comme un acte de désespoir.;La légitime éfense devrait-ell etre considerée comme un crime ou comme un acte de désespoir.La légitime éfense devrait-ell etre considerée comme un crime ou comme un acte de désespoir.;légitime défense
